"","print_type","material","fcomp_additive_wt_pct","fcomp_salt_wt_pct","ionic_conductivity_final"
"1","PCB print","none",5,0,2.25988700564972e-07
"2","PCB print","none",5,0,2.36686390532544e-07
"3","PCB print","none",5,0,3.2e-07
"4","PCB print","none",5,0,1.28205128205128e-07
"5","PCB print","none",5,0,7.23327305605787e-08
"6","PCB print","none",5,0,9.28074245939675e-08
"7","PCB print","none",5,0,1.14942528735632e-07
"8","PCB print","none",5,0,9.95024875621891e-08
"9","PCB print","none",5,0,1.6597510373444e-08
"10","PCB print","none",5,0,1.72413793103448e-08
"11","PCB print","none",5,0,1.88679245283019e-08
"12","PCB print","none",5,0,1.66666666666667e-08
"13","PCB print","none",5,0,2e-08
"14","PCB print","none",5,0,2.51572327044025e-08
"15","PCB print","none",5,0,2.7972027972028e-08
"16","PCB print","none",5,0,2.46913580246914e-08
"17","PCB print","none",10,0,4.4004400440044e-08
"18","PCB print","none",10,0,3.36134453781513e-08
"19","PCB print","none",10,0,4.31499460625674e-08
"20","PCB print","none",10,0,3.17460317460317e-08
"21","PCB print","none",10,0,3.84615384615385e-08
"22","PCB print","none",10,0,4.26439232409382e-08
"23","PCB print","none",10,0,4.48430493273543e-08
"24","PCB print","none",10,0,2.73972602739726e-08
"25","PCB print","LiTFSI",0,10,2.35294117647059e-06
"26","PCB print","LiTFSI",0,10,2.51572327044025e-06
"27","PCB print","LiTFSI",0,10,3.96039603960396e-06
"28","PCB print","LiTFSI",0,10,2.23463687150838e-06
"29","PCB print","LiTFSI",2.1,10,3.05343511450382e-06
"30","PCB print","LiTFSI",2.1,10,3.17460317460317e-06
"31","PCB print","LiTFSI",2.1,10,4.91400491400491e-06
"32","PCB print","LiTFSI",2.1,10,2.23463687150838e-06
"33","PCB print","LiTFSI",4.3,10,2.7027027027027e-06
"34","PCB print","LiTFSI",4.3,10,3.6036036036036e-06
"35","PCB print","LiTFSI",4.3,10,4.74495848161329e-06
"36","PCB print","LiTFSI",4.3,10,2.05128205128205e-06
"37","PCB print","LiTFSI",6.4,10,2.68456375838926e-06
"38","PCB print","LiTFSI",6.4,10,2.64900662251656e-06
"39","PCB print","LiTFSI",6.4,10,2.11640211640212e-06
"40","PCB print","LiTFSI",8.6,10,1.16959064327485e-06
"41","PCB print","LiTFSI",8.6,10,1.31578947368421e-06
"42","PCB print","LiTFSI",8.6,10,2.12765957446809e-06
"43","PCB print","LiTFSI",8.6,10,1.13314447592068e-06
"44","PCB print","LiTFSI",11,10,1.30718954248366e-06
"45","PCB print","LiTFSI",11,10,1.44927536231884e-06
"46","PCB print","LiTFSI",11,10,2.02020202020202e-06
"47","PCB print","LiTFSI",11,10,1.61290322580645e-06
"48","PCB print","LiTFSI",13,10,1.23456790123457e-06
"49","PCB print","LiTFSI",13,10,1.60642570281125e-06
"50","PCB print","LiTFSI",13,10,2.25988700564972e-06
"51","PCB print","LiTFSI",13,10,1.36518771331058e-06
"52","PCB print","LiTFSI",15,10,1.48148148148148e-06
"53","PCB print","LiTFSI",15,10,1.61290322580645e-06
"54","PCB print","LiTFSI",15,10,2.56410256410256e-06
"55","PCB print","LiTFSI",15,10,1.06382978723404e-06
"56","PCB print","LiTFSI",0,10,1.86046511627907e-06
"57","PCB print","LiTFSI",0,10,7.25952813067151e-06
"58","PCB print","LiTFSI",0,10,9.9009900990099e-06
"59","PCB print","LiTFSI",0,10,3.33333333333333e-06
"60","PCB print","LiTFSI",2.1,10,1.9047619047619e-06
"61","PCB print","LiTFSI",2.1,10,5.31208499335989e-06
"62","PCB print","LiTFSI",2.1,10,7.25952813067151e-06
"63","PCB print","LiTFSI",2.1,10,2.48447204968944e-06
"64","PCB print","LiTFSI",4.3,10,1.99004975124378e-06
"65","PCB print","LiTFSI",4.3,10,4e-06
"66","PCB print","LiTFSI",4.3,10,5.32623169107856e-06
"67","PCB print","LiTFSI",4.3,10,2.33918128654971e-06
"68","PCB print","LiTFSI",6.4,10,2.08333333333333e-06
"69","PCB print","LiTFSI",6.4,10,3.77358490566038e-06
"70","PCB print","LiTFSI",6.4,10,5.0314465408805e-06
"71","PCB print","LiTFSI",6.4,10,2.39520958083832e-06
"72","PCB print","LiTFSI",0,30,6.0882800608828e-06
"73","PCB print","LiTFSI",0,30,5.89970501474926e-06
"74","PCB print","LiTFSI",0,30,5.74712643678161e-06
"75","PCB print","LiTFSI",0,30,5.84795321637427e-06
"76","PCB print","LiTFSI",0,30,7.19424460431655e-06
"77","PCB print","LiTFSI",0,30,7.67754318618042e-06
"78","PCB print","LiTFSI",0,30,5.61009817671809e-06
"79","PCB print","LiTFSI",0,30,5.48696844993141e-06
"80","PCB print","LiTFSI",0,26,4.68384074941452e-06
"81","PCB print","LiTFSI",0,26,4.739336492891e-06
"82","PCB print","LiTFSI",0,26,5.0761421319797e-06
"83","PCB print","LiTFSI",0,26,4.79616306954436e-06
"84","PCB print","LiTFSI",0,26,6.50406504065041e-06
"85","PCB print","LiTFSI",0,26,6.35930047694754e-06
"86","PCB print","LiTFSI",0,26,4.23280423280423e-06
"87","PCB print","LiTFSI",0,26,4.51467268623025e-06
"88","PCB print","LiTFSI",0,21,5.42005420054201e-06
"89","PCB print","LiTFSI",0,21,5.18806744487678e-06
"90","PCB print","LiTFSI",0,21,5.16129032258065e-06
"91","PCB print","LiTFSI",0,21,5.32623169107856e-06
"92","PCB print","LiTFSI",0,21,6.98080279232112e-06
"93","PCB print","LiTFSI",0,21,7.0298769771529e-06
"94","PCB print","LiTFSI",0,21,4.31965442764579e-06
"95","PCB print","LiTFSI",0,21,4.3956043956044e-06
"96","PCB print","LiTFSI",0,17,4.59770114942529e-06
"97","PCB print","LiTFSI",0,17,4.84848484848485e-06
"98","PCB print","LiTFSI",0,17,5.44959128065395e-06
"99","PCB print","LiTFSI",0,17,5.50206327372765e-06
"100","PCB print","LiTFSI",0,17,7.5187969924812e-06
"101","PCB print","LiTFSI",0,17,7.25952813067151e-06
"102","PCB print","LiTFSI",0,17,4.55580865603645e-06
"103","PCB print","LiTFSI",0,17,4.53001132502831e-06
"104","PCB print","LiTFSI",0,13,5.20156046814044e-06
"105","PCB print","LiTFSI",0,13,5.22193211488251e-06
"106","PCB print","LiTFSI",0,13,6.06980273141123e-06
"107","PCB print","LiTFSI",0,13,6.04229607250755e-06
"108","PCB print","LiTFSI",0,13,7.75193798449612e-06
"109","PCB print","LiTFSI",0,13,4.50958286358512e-06
"110","PCB print","LiTFSI",0,8.6,4.62962962962963e-06
"111","PCB print","LiTFSI",0,8.6,4.33839479392625e-06
"112","PCB print","LiTFSI",0,8.6,6.22083981337481e-06
"113","PCB print","LiTFSI",0,8.6,3.53982300884956e-06
"114","PCB print","LiTFSI",0,4.3,3.47826086956522e-06
"115","PCB print","LiTFSI",0,4.3,3.27868852459016e-06
"116","PCB print","LiTFSI",0,4.3,4.17101147028154e-06
"117","PCB print","LiTFSI",0,4.3,2.96296296296296e-06
"118","PCB print","none",0,0,1.13636363636364e-06
"119","PCB print","none",0,0,1.31147540983607e-06
"120","PCB print","none",0,0,1.28617363344051e-06
"121","PCB print","none",0,0,1.29032258064516e-06
"122","PCB print","LiTFSI",0,30,6.31911532385466e-06
"123","PCB print","LiTFSI",0,30,5.83941605839416e-06
"124","PCB print","LiTFSI",0,30,7.79727095516569e-06
"125","PCB print","LiTFSI",0,26,6.09756097560976e-06
"126","PCB print","LiTFSI",0,26,6.19195046439629e-06
"127","PCB print","LiTFSI",0,26,7.84313725490196e-06
"128","PCB print","LiTFSI",0,26,5.44959128065395e-06
"129","PCB print","LiTFSI",0,21,6.18238021638331e-06
"130","PCB print","LiTFSI",0,21,6.1633281972265e-06
"131","PCB print","LiTFSI",0,21,9.0702947845805e-06
"132","PCB print","LiTFSI",0,21,6.7001675041876e-06
"133","PCB print","LiTFSI",0,17,5.42740841248304e-06
"134","PCB print","LiTFSI",0,17,6.17283950617284e-06
"135","PCB print","LiTFSI",0,17,8.62068965517241e-06
"136","PCB print","LiTFSI",0,17,5.51724137931034e-06
"137","PCB print","LiTFSI",0,13,4.3859649122807e-06
"138","PCB print","LiTFSI",0,13,5.81395348837209e-06
"139","PCB print","LiTFSI",0,13,7.57575757575758e-06
"140","PCB print","LiTFSI",0,13,5.14800514800515e-06
"141","PCB print","LiTFSI",0,8.6,5.10855683269476e-06
"142","PCB print","LiTFSI",0,8.6,5.16129032258065e-06
"143","PCB print","LiTFSI",0,8.6,6.8259385665529e-06
"144","PCB print","LiTFSI",0,8.6,4.46927374301676e-06
"145","PCB print","LiTFSI",0,4.3,3.57142857142857e-06
"146","PCB print","LiTFSI",0,4.3,3.41880341880342e-06
"147","PCB print","LiTFSI",0,4.3,4.33369447453955e-06
"148","PCB print","LiTFSI",0,4.3,2.85714285714286e-06
"149","PCB print","none",0,0,1.14285714285714e-06
"150","PCB print","none",0,0,1.2012012012012e-06
"151","PCB print","none",0,0,1.35593220338983e-06
"152","PCB print","none",0,0,1.19760479041916e-06
"153","PCB print","LiTFSI",0,30,6.66666666666667e-06
"154","PCB print","LiTFSI",0,30,6.62251655629139e-06
"155","PCB print","LiTFSI",0,30,9.17431192660551e-06
"156","PCB print","LiTFSI",0,30,4.92004920049201e-06
"157","PCB print","LiTFSI",0,26,6.65557404326123e-06
"158","PCB print","LiTFSI",0,26,6.81431005110733e-06
"159","PCB print","LiTFSI",0,26,6.55737704918033e-06
"160","PCB print","LiTFSI",0,21,7.23327305605787e-06
"161","PCB print","LiTFSI",0,21,6.99300699300699e-06
"162","PCB print","LiTFSI",0,21,9.1533180778032e-06
"163","PCB print","LiTFSI",0,21,6.47249190938511e-06
"164","PCB print","LiTFSI",0,17,6.45161290322581e-06
"165","PCB print","LiTFSI",0,17,6.98080279232112e-06
"166","PCB print","LiTFSI",0,17,9.1533180778032e-06
"167","PCB print","LiTFSI",0,17,5.84795321637427e-06
"168","PCB print","LiTFSI",0,13,5.78871201157742e-06
"169","PCB print","LiTFSI",0,13,4.9079754601227e-06
"170","PCB print","LiTFSI",0,13,6.9204152249135e-06
"171","PCB print","LiTFSI",0,13,5.6657223796034e-06
"172","PCB print","LiTFSI",0,8.6,5.42005420054201e-06
"173","PCB print","LiTFSI",0,8.6,3.7037037037037e-06
"174","PCB print","LiTFSI",0,8.6,4.63499420625724e-06
"175","PCB print","LiTFSI",0,8.6,4.07747196738022e-06
"176","PCB print","LiTFSI",0,4.3,2.51572327044025e-06
"177","PCB print","LiTFSI",0,4.3,3.2258064516129e-06
"178","PCB print","LiTFSI",0,4.3,3.96039603960396e-06
"179","PCB print","LiTFSI",0,4.3,3.2e-06
"180","PCB print","LiTFSI",15,30,3.80952380952381e-06
"181","PCB print","LiTFSI",15,30,4.66744457409568e-06
"182","PCB print","LiTFSI",15,30,6.71140939597315e-06
"183","PCB print","LiTFSI",15,30,4.32900432900433e-06
"184","PCB print","LiTFSI",13,30,4.77326968973747e-06
"185","PCB print","LiTFSI",13,30,4.9813200498132e-06
"186","PCB print","LiTFSI",13,30,6.89655172413793e-06
"187","PCB print","LiTFSI",13,30,3.53982300884956e-06
"188","PCB print","LiTFSI",11,30,3.27868852459016e-06
"189","PCB print","LiTFSI",11,30,4.36205016357688e-06
"190","PCB print","LiTFSI",11,30,5.83090379008746e-06
"191","PCB print","LiTFSI",11,30,4.02010050251256e-06
"192","PCB print","LiTFSI",8.6,30,3.92156862745098e-06
"193","PCB print","LiTFSI",8.6,30,4.63499420625724e-06
"194","PCB print","LiTFSI",8.6,30,6.7001675041876e-06
"195","PCB print","LiTFSI",8.6,30,3.77358490566038e-06
"196","PCB print","LiTFSI",6.4,30,4.3525571273123e-06
"197","PCB print","LiTFSI",6.4,30,4.92610837438424e-06
"198","PCB print","LiTFSI",6.4,30,6.58978583196046e-06
"199","PCB print","LiTFSI",6.4,30,3.30578512396694e-06
"200","PCB print","LiTFSI",4.3,30,3.41880341880342e-06
"201","PCB print","LiTFSI",4.3,30,3.38983050847458e-06
"202","PCB print","LiTFSI",4.3,30,3.7037037037037e-06
"203","PCB print","LiTFSI",2.1,30,4.27350427350427e-06
"204","PCB print","LiTFSI",2.1,30,3.96039603960396e-06
"205","PCB print","LiTFSI",2.1,30,5.62587904360056e-06
"206","PCB print","LiTFSI",2.1,30,2.5e-06
"207","PCB print","LiTFSI",0,30,4.31034482758621e-06
"208","PCB print","LiTFSI",0,30,4.01203610832498e-06
"209","PCB print","LiTFSI",0,30,5.4421768707483e-06
"210","PCB print","LiTFSI",0,30,9.0293453724605e-06
"211","PCB print","LiTFSI",15,30,3.6697247706422e-06
"212","PCB print","LiTFSI",15,30,4.8721071863581e-06
"213","PCB print","LiTFSI",15,30,7.23327305605787e-06
"214","PCB print","LiTFSI",15,30,5.0761421319797e-06
"215","PCB print","LiTFSI",13,30,4.62962962962963e-06
"216","PCB print","LiTFSI",13,30,5.09554140127389e-06
"217","PCB print","LiTFSI",13,30,7.18132854578097e-06
"218","PCB print","LiTFSI",13,30,4.21940928270042e-06
"219","PCB print","LiTFSI",11,30,5.0761421319797e-06
"220","PCB print","LiTFSI",11,30,5.4945054945055e-06
"221","PCB print","LiTFSI",11,30,6.93240901213172e-06
"222","PCB print","LiTFSI",11,30,4.9079754601227e-06
"223","PCB print","LiTFSI",8.6,30,4.76758045292014e-06
"224","PCB print","LiTFSI",8.6,30,4.84848484848485e-06
"225","PCB print","LiTFSI",8.6,30,6.93240901213172e-06
"226","PCB print","LiTFSI",8.6,30,4.47427293064877e-06
"227","PCB print","LiTFSI",15,30,3.63636363636364e-06
"228","PCB print","LiTFSI",15,30,5.20833333333333e-06
"229","PCB print","LiTFSI",15,30,7.14285714285714e-06
"230","PCB print","LiTFSI",15,30,4.70035252643948e-06
"231","PCB print","LiTFSI",13,30,5.47195622435021e-06
"232","PCB print","LiTFSI",13,30,4.84848484848485e-06
"233","PCB print","LiTFSI",13,30,7.05467372134039e-06
"234","PCB print","LiTFSI",13,30,4.4543429844098e-06
"235","PCB print","LiTFSI",11,30,4.62962962962963e-06
"236","PCB print","LiTFSI",11,30,4.29184549356223e-06
"237","PCB print","LiTFSI",11,30,5.95238095238095e-06
"238","PCB print","LiTFSI",11,30,6.05143721633888e-06
"239","PCB print","LiTFSI",8.6,30,3.73831775700935e-06
"240","PCB print","LiTFSI",8.6,30,4.4296788482835e-06
"241","PCB print","LiTFSI",8.6,30,6.25e-06
"242","PCB print","LiTFSI",8.6,30,4.8721071863581e-06
"243","PCB print","LiTFSI",6.4,30,4e-06
"244","PCB print","LiTFSI",6.4,30,4.79041916167665e-06
"245","PCB print","LiTFSI",6.4,30,7.01754385964912e-06
"246","PCB print","LiTFSI",6.4,30,4.50958286358512e-06
"247","PCB print","LiTFSI",4.3,30,4.3859649122807e-06
"248","PCB print","LiTFSI",4.3,30,5.01882057716437e-06
"249","PCB print","LiTFSI",4.3,30,6.44122383252818e-06
"250","PCB print","LiTFSI",4.3,30,6.57894736842105e-06
"251","PCB print","LiTFSI",2.1,30,4.5766590389016e-06
"252","PCB print","LiTFSI",2.1,30,4.76190476190476e-06
"253","PCB print","LiTFSI",2.1,30,6.88468158347676e-06
"254","PCB print","LiTFSI",2.1,30,4.40528634361234e-06
"255","PCB print","LiTFSI",0,30,3.2e-06
"256","PCB print","LiTFSI",0,30,2.7027027027027e-06
"257","PCB print","LiTFSI",0,30,3.84615384615385e-06
"258","PCB print","LiTFSI",0,30,3.30578512396694e-06
"259","PCB print","LiTFSI",0,4.3,3.00751879699248e-06
"260","PCB print","LiTFSI",0,4.3,2.42424242424242e-06
"261","PCB print","LiTFSI",0,8.6,5.32623169107856e-06
"262","PCB print","LiTFSI",0,8.6,6.50406504065041e-06
"263","PCB print","LiTFSI",0,8.6,4.80769230769231e-06
"264","PCB print","LiTFSI",0,13,5.98802395209581e-06
"265","PCB print","LiTFSI",0,13,4.51467268623025e-06
"266","PCB print","LiTFSI",0,13,9.11161731207289e-06
"267","PCB print","LiTFSI",0,17,5.91715976331361e-06
"268","PCB print","LiTFSI",0,17,6.58978583196046e-06
"269","PCB print","LiTFSI",0,17,8.88888888888889e-06
"270","PCB print","LiTFSI",0,17,6.72268907563025e-06
"271","PCB print","LiTFSI",0,21,7.25952813067151e-06
"272","PCB print","LiTFSI",0,21,7.56143667296786e-06
"273","PCB print","LiTFSI",0,21,6.73400673400673e-06
"274","PCB print","LiTFSI",0,26,3.6697247706422e-06
"275","PCB print","LiTFSI",0,26,4.58190148911798e-06
"276","PCB print","LiTFSI",0,26,7.39371534195933e-06
"277","PCB print","LiTFSI",0,26,3.88349514563107e-06
"278","PCB print","LiTFSI",0,30,1.16279069767442e-06
"279","PCB print","LiTFSI",0,30,1.52091254752852e-06
"280","PCB print","LiTFSI",0,30,1.0840108401084e-06
"281","PCB print","none",0,0,4.32900432900433e-07
"282","PCB print","none",0,0,5.46448087431694e-07
"283","PCB print","none",0,0,4.8661800486618e-07
"284","PCB print","LiTFSI",0,4.3,2.94117647058824e-06
"285","PCB print","LiTFSI",0,4.3,3.73831775700935e-06
"286","PCB print","LiTFSI",0,4.3,3.07692307692308e-06
"287","PCB print","LiTFSI",0,8.6,5.0251256281407e-06
"288","PCB print","LiTFSI",0,8.6,6.48298217179903e-06
"289","PCB print","LiTFSI",0,8.6,5.20156046814044e-06
"290","PCB print","LiTFSI",0,13,5.58659217877095e-06
"291","PCB print","LiTFSI",0,13,5.17464424320828e-06
"292","PCB print","LiTFSI",0,13,6.98080279232112e-06
"293","PCB print","LiTFSI",0,13,5.91715976331361e-06
"294","PCB print","LiTFSI",0,17,6.25978090766823e-06
"295","PCB print","LiTFSI",0,17,6.89655172413793e-06
"296","PCB print","LiTFSI",0,17,9.52380952380952e-06
"297","PCB print","LiTFSI",0,17,6.47249190938511e-06
"298","PCB print","LiTFSI",0,21,6.27943485086342e-06
"299","PCB print","LiTFSI",0,21,7.09219858156028e-06
"300","PCB print","LiTFSI",0,21,9.87654320987654e-06
"301","PCB print","LiTFSI",0,21,7.67754318618042e-06
"302","PCB print","LiTFSI",0,26,7.23327305605787e-06
"303","PCB print","LiTFSI",0,26,4.79041916167665e-06
"304","PCB print","LiTFSI",0,26,4.28724544480172e-06
"305","PCB print","LiTFSI",0,26,4.17972831765935e-06
"306","PCB print","LiTFSI",0,30,3.38983050847458e-06
"307","PCB print","LiTFSI",0,30,1.75438596491228e-06
"308","PCB print","none",0,0,4.25985090521832e-07
"309","PCB print","none",0,0,4.02010050251256e-07
"310","PCB print","none",0,0,4.56100342075257e-07
"311","PCB print","none",0,0,4.5045045045045e-07
"312","PCB print","LiTFSI",0,4.3,2.87769784172662e-06
"313","PCB print","LiTFSI",0,4.3,3.6697247706422e-06
"314","PCB print","LiTFSI",0,4.3,2.83687943262411e-06
"315","PCB print","LiTFSI",0,8.6,8.35073068893528e-06
"316","PCB print","LiTFSI",0,8.6,5.27009222661397e-06
"317","PCB print","LiTFSI",0,8.6,7.28597449908925e-06
"318","PCB print","LiTFSI",0,13,4.96277915632754e-06
"319","PCB print","LiTFSI",0,13,6.0790273556231e-06
"320","PCB print","LiTFSI",0,13,8.94854586129754e-06
"321","PCB print","LiTFSI",0,13,4.77326968973747e-06
"322","PCB print","LiTFSI",0,17,6.23052959501558e-06
"323","PCB print","LiTFSI",0,17,6.05143721633888e-06
"324","PCB print","LiTFSI",0,17,8.33333333333333e-06
"325","PCB print","LiTFSI",0,17,5.78034682080925e-06
"326","PCB print","LiTFSI",0,21,5.8055152394775e-06
"327","PCB print","LiTFSI",0,21,7.04225352112676e-06
"328","PCB print","LiTFSI",0,21,8.88888888888889e-06
"329","PCB print","LiTFSI",0,21,5.1948051948052e-06
"330","PCB print","LiTFSI",0,26,4.83091787439614e-06
"331","PCB print","LiTFSI",0,26,6.45161290322581e-06
"332","PCB print","LiTFSI",0,26,3.63636363636364e-06
"333","PCB print","LiTFSI",0,30,1.35135135135135e-06
"334","PCB print","LiTFSI",0,30,1.86915887850467e-06
"335","PCB print","none",7.5,0,3.73831775700935e-07
"336","PCB print","none",7.5,0,3.80952380952381e-07
"337","PCB print","none",7.5,0,4.8721071863581e-07
"338","PCB print","none",7.5,0,4.54545454545455e-07
"339","PCB print","LiTFSI",7.5,4.3,5.26315789473684e-07
"340","PCB print","LiTFSI",7.5,4.3,7.11743772241993e-07
"341","PCB print","LiTFSI",7.5,8.6,4.6242774566474e-06
"342","PCB print","LiTFSI",7.5,8.6,4.3010752688172e-06
"343","PCB print","LiTFSI",7.5,8.6,5.57880055788006e-06
"344","PCB print","LiTFSI",7.5,8.6,3.80952380952381e-06
"345","PCB print","LiTFSI",7.5,13,4.93218249075216e-06
"346","PCB print","LiTFSI",7.5,13,4e-06
"347","PCB print","LiTFSI",7.5,13,4.71698113207547e-06
"348","PCB print","LiTFSI",7.5,13,4.54545454545455e-06
"349","PCB print","LiTFSI",7.5,17,4.33839479392625e-06
"350","PCB print","LiTFSI",7.5,17,4.98753117206983e-06
"351","PCB print","LiTFSI",7.5,17,6.1633281972265e-06
"352","PCB print","LiTFSI",7.5,17,4.65116279069767e-06
"353","PCB print","LiTFSI",7.5,30,3.38983050847458e-05
"354","PCB print","LiTFSI",7.5,30,3.92156862745098e-07
"355","PCB print","LiTFSI",7.5,30,3.57142857142857e-07
"356","PCB print","LiTFSI",7.5,30,1.35135135135135e-06
"357","PCB print","none",7.5,0,4.77897252090801e-07
"358","PCB print","none",7.5,0,3.77358490566038e-07
"359","PCB print","none",7.5,0,4.33839479392625e-07
"360","PCB print","LiTFSI",7.5,4.3,5.95238095238095e-06
"361","PCB print","LiTFSI",7.5,4.3,2.7027027027027e-06
"362","PCB print","LiTFSI",7.5,4.3,3.80952380952381e-06
"363","PCB print","LiTFSI",7.5,4.3,1.63934426229508e-06
"364","PCB print","LiTFSI",7.5,8.6,5.72246065808298e-06
"365","PCB print","LiTFSI",7.5,8.6,4.8661800486618e-06
"366","PCB print","LiTFSI",7.5,8.6,5.06970849176172e-06
"367","PCB print","LiTFSI",7.5,8.6,4.65116279069767e-06
"368","PCB print","LiTFSI",7.5,13,5.84795321637427e-06
"369","PCB print","LiTFSI",7.5,13,4.07331975560082e-06
"370","PCB print","LiTFSI",7.5,13,4.49438202247191e-06
"371","PCB print","LiTFSI",7.5,17,5.32623169107856e-06
"372","PCB print","LiTFSI",7.5,17,5.0314465408805e-06
"373","PCB print","LiTFSI",7.5,17,6.87285223367698e-06
"374","PCB print","LiTFSI",7.5,17,3.1496062992126e-06
"375","PCB print","LiTFSI",7.5,21,9.19540229885057e-06
"376","PCB print","LiTFSI",7.5,21,5.00625782227785e-06
"377","PCB print","LiTFSI",7.5,21,7.01754385964912e-06
"378","PCB print","LiTFSI",7.5,21,4.33369447453955e-06
"379","PCB print","LiTFSI",7.5,26,5.0125313283208e-06
"380","PCB print","LiTFSI",7.5,26,4.80769230769231e-06
"381","PCB print","LiTFSI",7.5,26,6.48298217179903e-06
"382","PCB print","LiTFSI",7.5,26,3.50877192982456e-06
"383","PCB print","LiTFSI",7.5,30,5.32623169107856e-06
"384","PCB print","LiTFSI",7.5,30,4.32900432900433e-06
"385","PCB print","LiTFSI",7.5,30,6.05143721633888e-06
"386","PCB print","LiTFSI",7.5,30,1.70212765957447e-06
"387","PCB print","none",15,0,2.77777777777778e-07
"388","PCB print","none",15,0,2.64900662251656e-07
"389","PCB print","none",15,0,3.50877192982456e-07
"390","PCB print","none",15,0,2.4390243902439e-07
"391","PCB print","LiTFSI",15,4.3,6.57894736842105e-07
"392","PCB print","LiTFSI",15,4.3,7.96812749003984e-07
"393","PCB print","LiTFSI",15,4.3,1.08991825613079e-06
"394","PCB print","LiTFSI",15,4.3,5.55555555555556e-07
"395","PCB print","LiTFSI",15,8.6,1.73913043478261e-06
"396","PCB print","LiTFSI",15,8.6,2.05128205128205e-06
"397","PCB print","LiTFSI",15,8.6,2.75862068965517e-06
"398","PCB print","LiTFSI",15,8.6,1.88679245283019e-06
"399","PCB print","LiTFSI",15,13,2.13903743315508e-06
"400","PCB print","LiTFSI",15,13,2.63157894736842e-06
"401","PCB print","LiTFSI",15,13,3.57142857142857e-06
"402","PCB print","LiTFSI",15,13,1.99004975124378e-06
"403","PCB print","LiTFSI",15,17,1.74672489082969e-06
"404","PCB print","LiTFSI",15,17,2.63157894736842e-06
"405","PCB print","LiTFSI",15,17,3.44827586206897e-06
"406","PCB print","LiTFSI",15,17,2.22222222222222e-06
"407","PCB print","LiTFSI",15,26,1.86046511627907e-06
"408","PCB print","LiTFSI",15,26,2.63157894736842e-06
"409","PCB print","LiTFSI",15,26,3.47826086956522e-06
"410","PCB print","LiTFSI",15,26,2.02020202020202e-06
"411","PCB print","LiTFSI",15,21,1.86046511627907e-06
"412","PCB print","LiTFSI",15,21,4.26439232409382e-06
"413","PCB print","LiTFSI",15,21,5.50964187327824e-06
"414","PCB print","LiTFSI",15,21,2.58064516129032e-06
"415","PCB print","LiTFSI",15,30,1.9047619047619e-07
"416","PCB print","LiTFSI",15,30,2.39520958083832e-06
"417","PCB print","LiTFSI",15,30,3.77358490566038e-06
"418","PCB print","LiTFSI",15,30,3.36134453781513e-06
"419","PCB print","LiTFSI",15,4.3,1.0989010989011e-06
"420","PCB print","LiTFSI",15,4.3,1.07238605898123e-06
"421","PCB print","LiTFSI",15,4.3,1.39372822299652e-06
"422","PCB print","LiTFSI",15,4.3,1.0498687664042e-06
"423","PCB print","LiTFSI",15,8.6,2.7972027972028e-06
"424","PCB print","LiTFSI",15,8.6,2.39520958083832e-06
"425","PCB print","LiTFSI",15,8.6,3.38983050847458e-06
"426","PCB print","LiTFSI",15,8.6,1.58730158730159e-06
"427","PCB print","LiTFSI",15,13,3.44827586206897e-06
"428","PCB print","LiTFSI",15,13,5.1150895140665e-06
"429","PCB print","LiTFSI",15,13,1.77777777777778e-06
"430","PCB print","LiTFSI",15,17,3.36134453781513e-06
"431","PCB print","LiTFSI",15,17,3.2520325203252e-06
"432","PCB print","LiTFSI",15,17,4.92610837438424e-06
"433","PCB print","LiTFSI",15,17,1.42857142857143e-06
"434","PCB print","LiTFSI",15,26,7.8740157480315e-06
"435","PCB print","LiTFSI",15,26,9.68523002421308e-06
"436","PCB print","LiTFSI",15,26,2.23463687150838e-05
"437","PCB print","LiTFSI",15,26,5.48696844993141e-06
"438","PCB print","LiTFSI",15,21,9.70873786407767e-06
"439","PCB print","LiTFSI",15,21,9.9009900990099e-06
"440","PCB print","LiTFSI",15,21,1.71673819742489e-05
"441","PCB print","LiTFSI",15,21,7.85854616895874e-06
"442","PCB print","LiTFSI",15,30,2.39520958083832e-07
"443","PCB print","LiTFSI",15,30,2.25988700564972e-07
"444","PCB print","LiTFSI",15,30,2.27272727272727e-07
"445","PCB print","LiTFSI",15,30,2.17391304347826e-07
"446","PCB print","LiTFSI",0,20,4.4296788482835e-06
"447","PCB print","LiTFSI",0,20,4.93827160493827e-06
"448","PCB print","LiTFSI",0,20,6.93240901213172e-06
"449","PCB print","LiTFSI",0,20,5.63380281690141e-06
"450","PCB print","LiTFSI",2.1,20,4.31965442764579e-06
"451","PCB print","LiTFSI",2.1,20,3.6036036036036e-06
"452","PCB print","LiTFSI",2.1,20,4.64576074332172e-06
"453","PCB print","LiTFSI",2.1,20,6.34920634920635e-06
"454","PCB print","LiTFSI",4.3,20,4.36205016357688e-06
"455","PCB print","LiTFSI",4.3,20,4.18410041841004e-06
"456","PCB print","LiTFSI",4.3,20,6.1633281972265e-06
"457","PCB print","LiTFSI",4.3,20,5.95238095238095e-06
"458","PCB print","LiTFSI",6.4,20,4.24178154825027e-06
"459","PCB print","LiTFSI",6.4,20,3.6697247706422e-06
"460","PCB print","LiTFSI",6.4,20,5.57103064066852e-06
"461","PCB print","LiTFSI",6.4,20,5.52486187845304e-06
"462","PCB print","LiTFSI",8.6,20,5.61797752808989e-06
"463","PCB print","LiTFSI",8.6,20,3.84615384615385e-06
"464","PCB print","LiTFSI",8.6,20,4.79041916167665e-06
"465","PCB print","LiTFSI",8.6,20,4.63499420625724e-06
"466","PCB print","LiTFSI",11,20,4.40528634361234e-06
"467","PCB print","LiTFSI",11,20,3.57142857142857e-06
"468","PCB print","LiTFSI",11,20,5.52486187845304e-06
"469","PCB print","LiTFSI",11,20,4.47928331466965e-06
"470","PCB print","LiTFSI",13,20,4.0650406504065e-06
"471","PCB print","LiTFSI",13,20,4.1025641025641e-06
"472","PCB print","LiTFSI",13,20,5.70613409415121e-06
"473","PCB print","LiTFSI",13,20,5.96125186289121e-06
"474","PCB print","LiTFSI",15,20,4e-06
"475","PCB print","LiTFSI",15,20,3.88349514563107e-06
"476","PCB print","LiTFSI",15,20,5.78871201157742e-06
"477","PCB print","LiTFSI",15,20,5.14800514800515e-06
"478","PCB print","LiTFSI",0,20,4.5662100456621e-06
"479","PCB print","LiTFSI",0,20,4.01203610832498e-06
"480","PCB print","LiTFSI",0,20,5.29801324503311e-06
"481","PCB print","LiTFSI",2.1,20,5e-06
"482","PCB print","LiTFSI",2.1,20,4.44938820912125e-06
"483","PCB print","LiTFSI",2.1,20,6.15384615384615e-06
"484","PCB print","LiTFSI",2.1,20,4.54545454545455e-06
"485","PCB print","LiTFSI",4.3,20,4.27807486631016e-06
"486","PCB print","LiTFSI",4.3,20,4.3956043956044e-06
"487","PCB print","LiTFSI",4.3,20,5.98802395209581e-06
"488","PCB print","LiTFSI",4.3,20,4.69483568075117e-06
"489","PCB print","LiTFSI",6.4,20,4.94437577255872e-06
"490","PCB print","LiTFSI",6.4,20,4.44938820912125e-06
"491","PCB print","LiTFSI",6.4,20,6.19195046439629e-06
"492","PCB print","LiTFSI",6.4,20,5.32623169107856e-06
"493","PCB print","LiTFSI",8.6,20,6.7001675041876e-06
"494","PCB print","LiTFSI",8.6,20,4.37636761487965e-06
"495","PCB print","LiTFSI",8.6,20,7.01754385964912e-06
"496","PCB print","LiTFSI",8.6,20,6.65557404326123e-06
"497","PCB print","LiTFSI",11,20,4.92610837438424e-06
"498","PCB print","LiTFSI",11,20,4.23280423280423e-06
"499","PCB print","LiTFSI",11,20,5.83941605839416e-06
"500","PCB print","LiTFSI",11,20,4.44938820912125e-06
"501","PCB print","LiTFSI",13,20,4.48430493273543e-06
"502","PCB print","LiTFSI",13,20,3.96039603960396e-06
"503","PCB print","LiTFSI",13,20,5.48696844993141e-06
"504","PCB print","LiTFSI",13,20,5.10204081632653e-06
"505","PCB print","LiTFSI",15,20,4.84261501210654e-06
"506","PCB print","LiTFSI",15,20,3.84615384615385e-06
"507","PCB print","LiTFSI",15,20,5.63380281690141e-06
"508","PCB print","LiTFSI",15,20,3.63636363636364e-06
"509","PCB print","LiTFSI",0,20,3.2520325203252e-06
"510","PCB print","LiTFSI",2.1,20,5.75539568345324e-06
"511","PCB print","LiTFSI",2.1,20,4.96894409937888e-06
"512","PCB print","LiTFSI",4.3,20,9.0293453724605e-06
"513","PCB print","LiTFSI",6.4,20,1.58102766798419e-05
"514","PCB print","LiTFSI",6.4,20,1.31147540983607e-05
"515","PCB print","LiTFSI",8.6,20,5.61009817671809e-06
"516","PCB print","LiTFSI",8.6,20,5.16795865633075e-06
"517","PCB print","LiTFSI",11,20,8.65800865800866e-06
"518","PCB print","LiTFSI",13,20,9.47867298578199e-06
"519","PCB print","LiTFSI",13,20,8.13008130081301e-06
"520","PCB print","LiTFSI",15,20,1.11731843575419e-05
"521","PCB print","LiTFSI",0,20,2.17391304347826e-06
"522","PCB print","LiTFSI",0,20,2.7972027972028e-06
"523","PCB print","LiTFSI",0,20,3.96039603960396e-06
"524","PCB print","LiTFSI",0,20,1.86046511627907e-06
"525","PCB print","LiTFSI",2.1,20,2.51572327044025e-06
"526","PCB print","LiTFSI",2.1,20,3.125e-06
"527","PCB print","LiTFSI",2.1,20,4.34782608695652e-06
"528","PCB print","LiTFSI",2.1,20,2.61437908496732e-06
"529","PCB print","LiTFSI",4.3,20,2.35294117647059e-06
"530","PCB print","LiTFSI",4.3,20,3.07692307692308e-06
"531","PCB print","LiTFSI",4.3,20,4.05679513184584e-06
"532","PCB print","LiTFSI",6.4,20,2.77777777777778e-06
"533","PCB print","LiTFSI",6.4,20,2.91970802919708e-06
"534","PCB print","LiTFSI",6.4,20,3.77358490566038e-06
"535","PCB print","LiTFSI",8.6,20,3.00751879699248e-06
"536","PCB print","LiTFSI",8.6,20,3.96039603960396e-06
"537","PCB print","LiTFSI",8.6,20,4.38116100766703e-06
"538","PCB print","LiTFSI",11,20,2.77777777777778e-06
"539","PCB print","LiTFSI",11,20,3.63636363636364e-06
"540","PCB print","LiTFSI",11,20,5.15463917525773e-06
"541","PCB print","LiTFSI",13,20,2.77777777777778e-06
"542","PCB print","LiTFSI",13,20,2.83687943262411e-06
"543","PCB print","LiTFSI",13,20,3.88349514563107e-06
"544","PCB print","LiTFSI",13,20,4.47928331466965e-06
"545","PCB print","LiTFSI",15,20,2.39520958083832e-06
"546","PCB print","LiTFSI",15,20,2.96296296296296e-06
"547","PCB print","LiTFSI",15,20,3.73831775700935e-06
"548","PCB print","LiTFSI",15,20,4.99375780274657e-06
"549","PCB print","LiTFSI",15,10,3.1496062992126e-05
"550","PCB print","LiTFSI",15,10,1.6597510373444e-05
"551","PCB print","LiTFSI",15,10,2.05128205128205e-05
"552","PCB print","LiTFSI",15,10,1.0230179028133e-05
"553","PCB print","LiTFSI",13,10,0.0001081081081081
"554","PCB print","LiTFSI",13,10,5.77200577200577e-05
"555","PCB print","LiTFSI",13,10,0.00011049723756906
"556","PCB print","LiTFSI",13,10,0.00016460905349794
"557","PCB print","LiTFSI",11,10,2.33918128654971e-05
"558","PCB print","LiTFSI",11,10,1e-05
"559","PCB print","LiTFSI",11,10,8.38574423480084e-06
"560","PCB print","LiTFSI",11,10,3.80952380952381e-05
"561","PCB print","LiTFSI",8.6,10,1.74672489082969e-05
"562","PCB print","LiTFSI",8.6,10,1.35593220338983e-05
"563","PCB print","LiTFSI",8.6,10,1.9047619047619e-05
"564","PCB print","LiTFSI",8.6,10,1.46520146520147e-05
"565","PCB print","LiTFSI",6.4,10,1.13636363636364e-05
"566","PCB print","LiTFSI",6.4,10,9.66183574879227e-06
"567","PCB print","LiTFSI",6.4,10,7.63358778625954e-06
"568","PCB print","LiTFSI",6.4,10,8.31600831600832e-06
"569","PCB print","LiTFSI",4.3,10,2.17391304347826e-05
"570","PCB print","LiTFSI",4.3,10,1.33333333333333e-05
"571","PCB print","LiTFSI",4.3,10,7.15563506261181e-06
"572","PCB print","LiTFSI",4.3,10,2.7027027027027e-05
"573","PCB print","LiTFSI",2.1,10,6.86106346483705e-06
"574","PCB print","LiTFSI",2.1,10,5.20833333333333e-06
"575","PCB print","LiTFSI",2.1,10,5.54016620498615e-06
"576","PCB print","LiTFSI",2.1,10,1.19047619047619e-05
"577","PCB print","LiTFSI",13,10,7.32600732600733e-05
"578","PCB print","LiTFSI",13,10,5.14800514800515e-05
"579","PCB print","LiTFSI",13,10,5.56328233657858e-05
"580","PCB print","LiTFSI",13,10,3.2e-05
"581","PCB print","LiTFSI",11,10,7.92079207920792e-06
"582","PCB print","LiTFSI",11,10,4.48430493273543e-06
"583","PCB print","LiTFSI",11,10,5.78034682080925e-06
"584","PCB print","LiTFSI",8.6,10,3.88349514563107e-05
"585","PCB print","LiTFSI",8.6,10,3.84615384615385e-05
"586","PCB print","LiTFSI",8.6,10,4.94437577255872e-05
"587","PCB print","LiTFSI",8.6,10,7.54716981132076e-05
"588","PCB print","LiTFSI",6.4,10,1.81818181818182e-05
"589","PCB print","LiTFSI",6.4,10,1.67364016736402e-05
"590","PCB print","LiTFSI",6.4,10,2.20994475138122e-05
"591","PCB print","LiTFSI",6.4,10,2e-05
"592","PCB print","LiTFSI",4.3,10,6.73400673400673e-06
"593","PCB print","LiTFSI",2.1,10,7.10479573712256e-06
"594","PCB print","LiTFSI",2.1,10,7.2202166064982e-06
"595","PCB print","LiTFSI",2.1,10,8.40336134453782e-06
"596","PCB print","LiTFSI",2.1,10,1.0443864229765e-05
"597","PCB print","LiTFSI",0,10,4.15800415800416e-06
"598","PCB print","LiTFSI",0,10,1.02040816326531e-05
"599","PCB print","LiTFSI",0,10,1.06100795755968e-05
"600","PCB print","LiTFSI",0,10,1.36986301369863e-05
"601","PCB print","LiTFSI",15,10,1.29449838187702e-05
"602","PCB print","LiTFSI",15,10,4.81347773766546e-05
"603","PCB print","LiTFSI",15,10,4.95049504950495e-05
"604","PCB print","LiTFSI",15,10,3.36134453781513e-05
"605","PCB print","LiTFSI",13,10,3.63636363636364e-05
"606","PCB print","LiTFSI",13,10,1.98019801980198e-05
"607","PCB print","LiTFSI",13,10,3.57142857142857e-05
"608","PCB print","LiTFSI",13,10,2.73972602739726e-05
"609","PCB print","LiTFSI",4.3,10,4.79616306954436e-06
"610","PCB print","LiTFSI",4.3,10,4.44938820912125e-06
"611","PCB print","LiTFSI",4.3,10,2.32558139534884e-06
"612","PCB print","LiTFSI",4.3,10,4.22386483632524e-06
"613","PCB print","LiTFSI",2.1,10,1.52671755725191e-05
"614","PCB print","LiTFSI",2.1,10,4.6242774566474e-05
"615","PCB print","LiTFSI",2.1,10,2.8169014084507e-05
"616","PCB print","LiTFSI",0,10,2.7972027972028e-06
"617","PCB print","LiTFSI",0,10,3.17460317460317e-06
"618","PCB print","LiTFSI",0,10,4.28265524625268e-06
"619","PCB print","LiTFSI",0,10,2.8169014084507e-06
"620","PCB print","LiTFSI",4.3,10,2.17391304347826e-06
"621","PCB print","LiTFSI",4.3,10,1.56862745098039e-06
"622","PCB print","LiTFSI",4.3,10,1.5625e-05
"623","PCB print","LiTFSI",4.3,10,1.33779264214047e-05
"624","PCB print","LiTFSI",2.1,10,6.65557404326123e-06
"625","PCB print","LiTFSI",2.1,10,2.45398773006135e-05
"626","PCB print","LiTFSI",0,10,2.58064516129032e-06
"627","PCB print","LiTFSI",0,10,3.41880341880342e-06
"628","PCB print","LiTFSI",0,10,4.67836257309942e-06
"629","PCB print","LiTFSI",0,10,2.77777777777778e-06
"630","PCB print","none",0,0,2.87769784172662e-08
"631","PCB print","none",0,0,1.65289256198347e-08
"632","PCB print","none",0,0,1.12994350282486e-08
"633","PCB print","none",0,0,9.66183574879227e-09
"634","PCB print","none",2.1,0,1.41342756183746e-08
"635","PCB print","none",2.1,0,1.4760147601476e-08
"636","PCB print","none",2.1,0,1.77777777777778e-08
"637","PCB print","none",2.1,0,7.3394495412844e-09
"638","PCB print","none",4.3,0,1.48698884758364e-08
"639","PCB print","none",4.3,0,1.49812734082397e-08
"640","PCB print","none",4.3,0,1.88679245283019e-08
"641","PCB print","none",4.3,0,9.11161731207289e-09
"642","PCB print","none",6.4,0,2.39520958083832e-08
"643","PCB print","none",6.4,0,1.31147540983607e-08
"644","PCB print","none",6.4,0,2.13903743315508e-08
"645","PCB print","none",6.4,0,8.94854586129754e-09
"646","PCB print","none",8.6,0,2.18579234972678e-08
"647","PCB print","none",8.6,0,2.10526315789474e-08
"648","PCB print","none",8.6,0,1.98019801980198e-08
"649","PCB print","none",8.6,0,1.32890365448505e-08
"650","PCB print","none",11,0,1.59362549800797e-08
"651","PCB print","none",11,0,3.36134453781513e-08
"652","PCB print","none",11,0,1.01522842639594e-08
"653","PCB print","none",11,0,2.46913580246914e-08
"654","PCB print","none",13,0,1.17302052785924e-08
"655","PCB print","none",13,0,6.98080279232112e-09
"656","PCB print","none",13,0,7.4487895716946e-09
"657","PCB print","none",15,0,2.48447204968944e-08
"658","PCB print","none",15,0,1.33333333333333e-08
"659","PCB print","none",15,0,1.40845070422535e-08
"660","PCB print","none",15,0,1.2987012987013e-08
"661","PCB print","none",0,0,1.70940170940171e-08
"662","PCB print","none",0,0,6.65557404326123e-09
"663","PCB print","none",0,0,9.95024875621891e-09
"664","PCB print","none",0,0,4.8721071863581e-09
"665","PCB print","none",2.1,0,2.58064516129032e-09
"666","PCB print","none",2.1,0,4.67836257309942e-09
"667","PCB print","none",2.1,0,6.71140939597315e-09
"668","PCB print","none",4.3,0,6.81431005110733e-09
"669","PCB print","none",4.3,0,4.44938820912125e-09
"670","PCB print","none",4.3,0,8.23045267489712e-09
"671","PCB print","none",6.4,0,8.92857142857143e-10
"672","PCB print","none",6.4,0,3.2e-11
"673","PCB print","none",6.4,0,3.38983050847458e-09
"674","PCB print","none",8.6,0,2e-05
"675","PCB print","none",8.6,0,1.52091254752852e-10
"676","PCB print","none",8.6,0,2.32558139534884e-06
"677","PCB print","none",11,0,2.45398773006135e-08
"678","PCB print","none",11,0,6.77966101694915e-09
"679","PCB print","none",13,0,4.71698113207547e-09
"680","PCB print","none",13,0,7.39371534195933e-09
"681","PCB print","none",13,0,4.31034482758621e-09
"682","PCB print","none",15,0,8.36820083682008e-09
"683","PCB print","none",15,0,4.14507772020725e-09
"684","PCB print","none",15,0,3.73831775700935e-09
"685","PCB print","none",15,0,5.53250345781466e-09
"686","PCB print","LiTFSI",0,10,1.22324159021407e-05
"687","PCB print","LiTFSI",0,10,6.47249190938511e-06
"688","PCB print","LiTFSI",0,10,6.8259385665529e-06
"689","PCB print","LiTFSI",2.1,10,1.96078431372549e-05
"690","PCB print","LiTFSI",2.1,10,1.47058823529412e-05
"691","PCB print","LiTFSI",2.1,10,7.79727095516569e-06
"692","PCB print","LiTFSI",2.1,10,7.64818355640535e-06
"693","PCB print","LiTFSI",4.3,10,2.10526315789474e-05
"694","PCB print","LiTFSI",4.3,10,7.90513833992095e-06
"695","PCB print","LiTFSI",4.3,10,1.61290322580645e-05
"696","PCB print","LiTFSI",4.3,10,8.62068965517241e-06
"697","PCB print","LiTFSI",6.4,10,6.2015503875969e-06
"698","PCB print","LiTFSI",6.4,10,4.41501103752759e-06
"699","PCB print","LiTFSI",6.4,10,3.96039603960396e-06
"700","PCB print","LiTFSI",6.4,10,2.98507462686567e-06
"701","PCB print","LiTFSI",8.6,10,2.54777070063694e-05
"702","PCB print","LiTFSI",8.6,10,2.94117647058824e-05
"703","PCB print","LiTFSI",8.6,10,9.95024875621891e-06
"704","PCB print","LiTFSI",8.6,10,7.2463768115942e-06
"705","PCB print","LiTFSI",11,10,2.46913580246914e-05
"706","PCB print","LiTFSI",11,10,3.63636363636364e-05
"707","PCB print","LiTFSI",11,10,1.0989010989011e-05
"708","PCB print","LiTFSI",11,10,7.46268656716418e-06
"709","PCB print","LiTFSI",13,10,2.28571428571429e-05
"710","PCB print","LiTFSI",13,10,3.03030303030303e-05
"711","PCB print","LiTFSI",13,10,1.26582278481013e-05
"712","PCB print","LiTFSI",13,10,8.38574423480084e-06
"713","PCB print","LiTFSI",15,10,9.70873786407767e-06
"714","PCB print","LiTFSI",15,10,9.38967136150235e-06
"715","PCB print","LiTFSI",15,10,5.47945205479452e-06
"716","PCB print","LiTFSI",0,10,2.7027027027027e-06
"717","PCB print","LiTFSI",0,10,2.4390243902439e-06
"718","PCB print","LiTFSI",2.1,10,2.98507462686567e-06
"719","PCB print","LiTFSI",2.1,10,3.1496062992126e-06
"720","PCB print","LiTFSI",2.1,10,2.56410256410256e-06
"721","PCB print","LiTFSI",4.3,10,2.96296296296296e-06
"722","PCB print","LiTFSI",4.3,10,2.7972027972028e-06
"723","PCB print","LiTFSI",6.4,10,1.27388535031847e-05
"724","PCB print","LiTFSI",6.4,10,6.28930817610063e-06
"725","PCB print","LiTFSI",8.6,10,1.8348623853211e-05
"726","PCB print","LiTFSI",11,10,2.98507462686567e-06
"727","PCB print","LiTFSI",11,10,1.4336917562724e-06
"728","PCB print","LiTFSI",13,10,2.96296296296296e-06
"729","PCB print","LiTFSI",13,10,2.89855072463768e-06
"730","PCB print","LiTFSI",13,10,6.36942675159236e-06
"731","PCB print","LiTFSI",13,10,4.18848167539267e-06
"732","PCB print","LiTFSI",15,10,3.53982300884956e-06
"733","PCB print","LiTFSI",15,10,3.7037037037037e-06
"734","PCB print","LiTFSI",15,10,4.004004004004e-06
"735","PCB print","LiTFSI",15,10,5.85651537335286e-06
"736","PCB print","LiTFSI",0,10,1.92307692307692e-06
"737","PCB print","LiTFSI",0,10,3.88349514563107e-06
"738","PCB print","LiTFSI",0,10,2.32558139534884e-06
"739","PCB print","LiTFSI",2.1,10,4.02414486921529e-06
"740","PCB print","LiTFSI",2.1,10,2.91970802919708e-06
"741","PCB print","LiTFSI",2.1,10,4.37158469945355e-06
"742","PCB print","LiTFSI",2.1,10,2.75862068965517e-06
"743","PCB print","LiTFSI",4.3,10,3.17460317460317e-06
"744","PCB print","LiTFSI",4.3,10,3.33333333333333e-06
"745","PCB print","LiTFSI",4.3,10,4.62962962962963e-06
"746","PCB print","LiTFSI",4.3,10,2.85714285714286e-06
"747","PCB print","LiTFSI",6.4,10,2.96296296296296e-06
"748","PCB print","LiTFSI",6.4,10,3.53982300884956e-06
"749","PCB print","LiTFSI",6.4,10,5.12820512820513e-06
"750","PCB print","LiTFSI",6.4,10,3.2e-06
"751","PCB print","LiTFSI",8.6,10,4.34782608695652e-06
"752","PCB print","LiTFSI",8.6,10,3.77358490566038e-06
"753","PCB print","LiTFSI",8.6,10,5.37634408602151e-06
"754","PCB print","LiTFSI",8.6,10,3.38983050847458e-06
"755","PCB print","LiTFSI",11,10,3.88349514563107e-06
"756","PCB print","LiTFSI",11,10,3.63636363636364e-06
"757","PCB print","LiTFSI",11,10,5.81395348837209e-06
"758","PCB print","LiTFSI",11,10,3.77358490566038e-06
"759","PCB print","LiTFSI",13,10,4.29645542427497e-06
"760","PCB print","LiTFSI",13,10,4.54545454545455e-06
"761","PCB print","LiTFSI",13,10,7.25952813067151e-06
"762","PCB print","LiTFSI",13,10,4.54029511918275e-06
"763","PCB print","LiTFSI",15,10,1.35135135135135e-06
"764","PCB print","LiTFSI",15,10,1.60642570281125e-06
"765","PCB print","LiTFSI",15,10,2.66666666666667e-06
"766","PCB print","LiTFSI",0,10,1.36986301369863e-06
"767","PCB print","LiTFSI",6.4,10,1.48698884758364e-06
"768","PCB print","LiTFSI",8.6,10,1e-06
"769","PCB print","LiTFSI",15,10,9.97506234413965e-07
"770","PCB print","LiTFSI",2.1,10,1.53846153846154e-06
"771","PCB print","LiTFSI",4.3,10,1.86915887850467e-06
"772","PCB print","LiTFSI",6.4,10,1.77777777777778e-06
"773","PCB print","LiTFSI",8.6,10,2.3121387283237e-06
"774","PCB print","LiTFSI",11,10,1.32013201320132e-06
"775","PCB print","LiTFSI",13,10,1.0230179028133e-06
"776","PCB print","LiTFSI",15,10,1.3986013986014e-06
"777","PCB print","LiTFSI",0,10,1.99004975124378e-06
"778","PCB print","LiTFSI",2.1,10,1.95121951219512e-06
"779","PCB print","LiTFSI",4.3,10,1.8957345971564e-06
"780","PCB print","LiTFSI",6.4,10,1.8348623853211e-06
"781","PCB print","LiTFSI",8.6,10,2.63157894736842e-06
"782","PCB print","LiTFSI",11,10,1.68067226890756e-06
"783","PCB print","LiTFSI",13,10,2.72108843537415e-06
"784","PCB print","LiTFSI",15,10,2.7972027972028e-06
